name,address,city,state,zipcode,phone_number,lat,long
Ajs Fine Foods,5017 N Central Ave,Phoenix,AZ,85012,(602) 230-7091,33.50989,-112.07203
Ajs Fine Foods,13226 N 7th St,Phoenix,AZ,85022,(602) 863-3500,33.60658,-112.06616
Ajs Fine Foods,13625 S 48th St Apt 1211,Phoenix,AZ,85044,(480) 705-5595,33.32222,-111.97922
Ajs Fine Foods,7131 W Ray Rd,Chandler,AZ,85226,(480) 705-0186,33.318508,-111.965782
Ajs Fine Foods,4771 W Toledo St,Chandler,AZ,85226,(480) 705-5323,33.3064,-111.92414
Ajs Fine Foods,4929 W Boston St,Chandler,AZ,85226,(480) 705-5614,33.300712,-111.9278915
Ajs Fine Foods,Grocery Cor,Gilbert,AZ,85233,(480) 507-7280,33.374781,-111.802752
Ajs Fine Foods,1237 W Seashore Dr,Gilbert,AZ,85233,(480) 705-5544,33.34248,-111.8169555
Ajs Fine Foods,453 E Mead Dr,Chandler,AZ,85249,(480) 705-0270,33.236593,-111.8347681
Ajs Fine Foods,31311 N Scottsdale Rd,Scottsdale,AZ,85262,(480) 575-6200,33.7687613,-111.9257605
Albertsons,8035 N 19th Ave,Phoenix,AZ,85021,(602) 678-0594,33.5546162,-112.0982132
Albertsons,10665 N Tatum Blvd,Phoenix,AZ,85028,(480) 443-4286,33.5833754,-111.9779738
Albertsons,18411 N Cave Creek Rd,Phoenix,AZ,85032,(602) 494-7388,33.6533129,-112.030758
Albertsons,4747 E Greenway Rd,Phoenix,AZ,85032,(602) 788-6005,33.6244104,-111.9789918
Albertsons,7333 W Thomas Rd,Phoenix,AZ,85033,(877) 932-7948,33.480314,-112.216515
Albertsons,3130 W Carefree Hwy,Phoenix,AZ,85086,(623) 582-2743,33.7981768,-112.1273625
Albertsons,1951 W Baseline Rd,Mesa,AZ,85202,(480) 456-4850,33.3777032,-111.875809
Albertsons,325 S Power Rd,Mesa,AZ,85206,(480) 924-9001,33.4098859,-111.6844486
Albertsons,9243 E Baseline Rd,Mesa,AZ,85209,(480) 986-4660,33.3777849,-111.6335692
Albertsons,325 W Apache Trl,Apache Junction,AZ,85220,(480) 983-1129,33.414879,-111.5537414
Albertsons,1116 E Florence Blvd,Casa Grande,AZ,85222,(520) 421-9796,32.8796446,-111.7394661
Albertsons,3145 S Alma School Rd,Chandler,AZ,85248,(480) 899-7102,33.2607893,-111.8569029
Albertsons,2935 E Riggs Rd,Chandler,AZ,85249,(480) 802-1980,33.2176891,-111.7909227
Albertsons,6965 N Hayden Rd,Scottsdale,AZ,85250,(480) 991-9557,33.5375138,-111.906255
Albertsons,2785 N Scottsdale Rd,Scottsdale,AZ,85257,(480) 947-7574,33.4789583,-111.9242234
Albertsons,11475 E Via Linda,Scottsdale,AZ,85259,(480) 767-0819,33.5890106,-111.8338082
Albertsons,15660 N Frank Lloyd Wright Blvd,Scottsdale,AZ,85260,(480) 451-9825,33.6283241,-111.8871647
Albertsons,34442 N Scottsdale Rd,Scottsdale,AZ,85266,(480) 595-9419,33.7979727,-111.9298454
Albertsons,750 E Guadalupe Rd,Tempe,AZ,85283,(480) 820-8166,33.3638255,-111.93014
Albertsons,861 E Warner Rd,Gilbert,AZ,85296,(480) 558-0105,33.3337079,-111.7715903
Albertsons,5040 W Cactus Rd,Glendale,AZ,85304,(602) 843-1871,33.5977886,-112.1671305
Albertsons,12970 W Indian School Rd,Litchfield Park,AZ,85340,(623) 535-7153,33.4947049,-112.3380617
Albertsons,14551 W Grand Ave,Surprise,AZ,85374,(623) 546-8038,33.6278641,-112.3368331
Albertsons,16750 W Bell Rd,Surprise,AZ,85374,(623) 546-8246,33.640423,-112.4198119
Albertsons,8240 W Deer Valley Rd,Peoria,AZ,85382,(623) 572-5744,33.6816661,-112.2365117
Albertsons,8950 W Bell Rd,Peoria,AZ,85382,(623) 876-8103,33.6398839,-112.2517342
Albertsons,3 Ojo Ct,Rio Rico,AZ,85648,(520) 281-1926,31.432665,-110.964601
Albertsons,5085 N La Canada Dr,Tucson,AZ,85704,(520) 696-0325,32.2989332,-110.9965021
Albertsons,1350 N Silverbell Rd,Tucson,AZ,85745,(520) 623-7449,32.2387581,-111.0041378
Albertsons,1416 E Route 66,Flagstaff,AZ,86001,(928) 773-7955,35.1954307,-111.6338506
Albertsons,7450 E State Route 69,Prescott Valley,AZ,86314,(928) 775-2244,34.584467,-112.336113
Albertsons,3260 Stockton Hill Rd,Kingman,AZ,86409,(928) 757-9115,35.256428,-114.0380677
Albertsons,2350 S Miracle Mile,Bullhead City,AZ,86442,(928) 763-7373,35.10015,-114.596482
Bar S Foods,3838 N Central Ave Ste 1900,Phoenix,AZ,85012,(602) 264-7272,33.4925278,-112.073887
Bashas,3320 N 7th Ave Ste A,Phoenix,AZ,85013,(602) 277-2668,33.4868901,-112.084099
Bashas,731 E Union Hills Dr,Phoenix,AZ,85024,(602) 652-9520,33.653572,-112.064102
Bashas,10631 N 32nd St,Phoenix,AZ,85028,(602) 996-1040,33.5834965,-112.0117397
Bashas,4727 E Bell Rd Ste 39,Phoenix,AZ,85032,(602) 482-7178,33.638619,-111.9802328
Bashas,4855 E Warner Rd,Phoenix,AZ,85044,(480) 940-6396,33.3310823,-111.9785674
Bashas,339 E Brown Rd,Mesa,AZ,85201,(480) 898-3352,33.4341304,-111.8234638
Bashas,1954 E Mckellips Rd,Mesa,AZ,85203,(480) 833-3343,33.4532256,-111.7888898
Bashas,6720 E Broadway Rd,Mesa,AZ,85206,(480) 981-6000,33.409793,-111.6865696
Bashas,1133 N Ellsworth Rd,Mesa,AZ,85207,(480) 357-3301,33.4350237,-111.6325178
Bashas,9925 E Baseline Rd,Mesa,AZ,85209,(480) 354-2798,33.3776809,-111.6210143
Bashas,2864 N Power Rd,Mesa,AZ,85215,(480) 830-7900,33.4680889,-111.6857115
Bashas,5310 S Superstition Mountain Dr,Apache Junction,AZ,85218,(480) 474-9406,33.3675178,-111.4764563
Bashas,1162 E Florence Blvd,Casa Grande,AZ,85222,(520) 836-8841,32.879644,-111.7375023
Bashas,1050 E Pecos Rd,Chandler,AZ,85225,(480) 812-2600,33.2931433,-111.8227522
Bashas,1919 E Ray Rd,Chandler,AZ,85225,(480) 812-9625,33.319646,-111.808295
Bashas,23760 S Power Rd,Queen Creek,AZ,85242,(480) 279-5700,33.232898,-111.6859279
Bashas,10325 E Riggs Rd,Chandler,AZ,85248,(480) 802-7180,33.2184499,-111.8498769
Bashas,4940 S Gilbert Rd,Chandler,AZ,85249,(480) 883-2243,33.2350199,-111.789475
Bashas,1761 E Warner Rd,Tempe,AZ,85284,(480) 839-9778,33.3347007,-111.919798
Bashas,2840 S Alma School Rd,Chandler,AZ,85286,(480) 732-1970,33.2661221,-111.8587778
Bashas,5115 N Dysart Rd Ste 130,Litchfield Park,AZ,85340,(623) 547-4580,33.5095249,-112.3392817
Bashas,PO Box 488,Wickenburg,AZ,85358,(928) 684-2726,33.9680962,-112.730135
Bashas,13940 W Meeker Blvd,Sun City West,AZ,85375,(623) 975-6220,33.660491,-112.3607805
Bashas,20351 N Lake Pleasant Rd,Peoria,AZ,85382,(623) 537-2320,33.6684847,-112.278153
Bashas,275 N Tegner St Apt 17,Wickenburg,AZ,85390,(602) 258-4224,33.9710957,-112.7328567
Bashas,Morenci Plz,Morenci,AZ,85540,(928) 865-1820,33.054062,-109.326923
Bashas,100 S Houghton Rd,Tucson,AZ,85748,(520) 296-4700,32.219859,-110.7741743
Bashas,650 W Finnie Flats Rd,Camp Verde,AZ,86322,(928) 567-4585,34.565611,-111.865226
Bashas,1631 Mcculloch Blvd N,Lake Havasu City,AZ,86403,(928) 453-5700,34.475267,-114.3429029
Bashas,PO Box 1,Chinle,AZ,86503,(405) 433-2049,36.2857943,-109.6635002
Costco,4502 E Oak St,Phoenix,AZ,85008,(602) 808-0101,33.47356,-111.9842775
Costco,1702 W Montebello Ave,Phoenix,AZ,85015,(602) 293-4522,33.5196915,-112.0947772
Costco,1646 W Montebello Ave,Phoenix,AZ,85015,(602) 293-4539,33.5201311,-112.0952358
Costco,1646 W Bethany Home Rd,Phoenix,AZ,85015,(602) 293-4557,33.5240716,-112.0943166
Costco,3801 N 33rd Ave,Phoenix,AZ,85017,(480) 293-2120,33.4915728,-112.1281447
Costco,19001 N 27th Ave,Phoenix,AZ,85027,(623) 293-4418,33.6587263,-112.116462
Costco,11221 S 51st St,Phoenix,AZ,85044,(480) 893-8975,33.3451535,-111.9742556
Costco,5051 E Tano St,Phoenix,AZ,85044,(480) 893-9027,33.3291918,-111.9751497
Costco,2450 E Beardsley Rd,Phoenix,AZ,85050,(480) 375-2850,33.6713338,-112.0288325
Costco,1235 S Power Rd,Mesa,AZ,85206,(480) 641-4216,33.3927236,-111.6828941
Costco,17550 N 79th St,Mesa,AZ,85207,(623) 776-4009,33.4726322,-111.6607017
Costco,1444 S Sossaman Rd,Mesa,AZ,85209,(480) 333-6550,33.3910971,-111.6697224
Costco,1445 W Elliot Rd,Chandler,AZ,85224,(480) 893-8975,33.3495682,-111.8675561
Costco,595 S Galleria Way,Chandler,AZ,85226,(480) 375-2050,33.2938867,-111.898889
Costco,1415 N Arizona Ave,Gilbert,AZ,85233,(602) 293-0052,33.3758699,-111.8401422
Costco,Scottsdale,Scottsdale,AZ,85250,(480) 948-5143,33.5241419,-111.8994654
Costco,15265 N Hayden Rd,Scottsdale,AZ,85260,(480) 609-1420,33.6242023,-111.9017624
Costco,15255 N Hayden Rd,Scottsdale,AZ,85260,(480) 948-7216,33.6245981,-111.8999093
Costco,999 E Lilac Dr,Tempe,AZ,85281,(602) 808-0101,33.44868,-111.924323
Costco,1345 W Elliot Rd,Tempe,AZ,85284,(480) 753-2400,33.3490336,-111.9618035
Costco,1445 W Elliot Rd,Tempe,AZ,85284,(480) 893-8975,33.3472326,-111.9627468
Costco,2887 S Market St,Gilbert,AZ,85296,(480) 366-3950,33.2969061,-111.7488563
Costco,17550 N 79th Ave,Glendale,AZ,85308,(623) 776-4009,33.6428258,-112.2337705
Costco,10000 W Mcdowell Rd,Avondale,AZ,85323,(623) 907-5663,33.4648105,-112.2749608
Costco,1000 W Mcdowell Rd,Avondale,AZ,85323,(623) 907-5668,33.4646643,-112.272709
Costco,8400 W Sherman St,Tolleson,AZ,85353,(623) 293-1100,33.4423441,-112.2451567
Costco,17550 N 79th Ave,Peoria,AZ,85381,(623) 776-4009,33.6095107,-112.2288646
Costco,3901 W Costco Dr,Marana,AZ,85653,(520) 229-2207,32.3292559,-111.0484951
Costco,8151 E Balfour Dr,Tucson,AZ,85710,(520) 721-1490,32.2285618,-110.818298
Costco,6255 E Grant Rd,Tucson,AZ,85712,(520) 886-6375,32.2507267,-110.8589662
Costco,3901 W Costco Dr,Tucson,AZ,85741,(520) 229-2207,32.326052,-111.050053
Costco,3911 E State Route 69,Prescott,AZ,86301,(928) 541-2200,34.54887,-112.3959
Farmland Foods,9721 E Gold Dust Ave,Scottsdale,AZ,85258,(480) 314-4588,33.5798,-111.8714411
Food City,3202 E Greenway Rd,Phoenix,AZ,85032,(602) 253-0087,33.6274231,-112.0098434
Food City,6544 W Thomas Rd,Phoenix,AZ,85033,(623) 849-5580,33.4813432,-112.2020443
Food City,1005 N Arizona Ave,Chandler,AZ,85225,(480) 857-2198,33.3215402,-111.8394277
Food City,2600 W 16th St,Yuma,AZ,85364,(928) 343-0840,32.698539,-114.651447
Food City,900 W Rex Allen Dr,Willcox,AZ,85643,(520) 384-2502,32.264186,-109.836817
Food City,12100 N Dove Mountain Blvd,Marana,AZ,85658,(520) 744-1378,32.428432,-111.0805289
Food City,2000 E Irvington Rd,Tucson,AZ,85714,(520) 741-3472,32.1632034,-110.9419403
Foodtown,13 N Santa Cruz Ave,Eloy,AZ,85231,(520) 466-7790,32.7487711,-111.5490149
Frys Food Stores,1625 W Camelback Rd,Phoenix,AZ,85015,(602) 277-9664,33.5094447,-112.0943253
Frys Food Stores,4724 N 20th St,Phoenix,AZ,85016,(602) 263-0766,33.5069046,-112.041189
Frys Food Stores,3036 E Thomas Rd,Phoenix,AZ,85016,(602) 468-9155,33.4816758,-112.0164352
Frys Food Stores,4505 E Thomas Rd,Phoenix,AZ,85018,(602) 952-1288,33.4791949,-111.984154
Frys Food Stores,8901 N 19th Ave,Phoenix,AZ,85021,(602) 944-2598,33.5660734,-112.0982015
Frys Food Stores,18420 N 19th Ave,Phoenix,AZ,85023,(602) 993-6610,33.6529608,-112.0998394
Frys Food Stores,4025 E Thunderbird Rd,Phoenix,AZ,85032,(602) 953-1615,33.6110893,-111.9941246
Frys Food Stores,3616 E Ray Rd,Phoenix,AZ,85044,(480) 706-0601,33.3168045,-112.005465
Frys Food Stores,4949 E Ray Rd,Phoenix,AZ,85044,(480) 940-7488,33.319935,-111.9787975
Frys Food Stores,1245 W Main St,Mesa,AZ,85201,(480) 833-8879,33.414983,-111.858742
Frys Food Stores,825 W University Dr,Mesa,AZ,85201,(480) 844-7197,33.4209111,-111.849159
Frys Food Stores,1935 N Stapley Dr,Mesa,AZ,85203,(480) 610-4140,33.4508128,-111.8033846
Frys Food Stores,1900 E University Dr,Mesa,AZ,85203,(480) 834-8634,33.423993,-111.788951
Frys Food Stores,2727 E Broadway Rd,Mesa,AZ,85204,(480) 464-5705,33.4063588,-111.7723425
Frys Food Stores,4440 E Main St,Mesa,AZ,85205,(480) 218-8573,33.4155834,-111.7354962
Frys Food Stores,1915 S Power Rd,Mesa,AZ,85206,(480) 924-5159,33.3803441,-111.6853186
Frys Food Stores,435 S Ellsworth Rd,Mesa,AZ,85208,(480) 380-1005,33.4067644,-111.6307488
Frys Food Stores,554 W Baseline Rd,Mesa,AZ,85210,(480) 969-6234,33.3806325,-111.843587
Frys Food Stores,185 W Apache Trl,Apache Junction,AZ,85220,(480) 288-2140,33.4148329,-111.552841
Frys Food Stores,1385 E Florence Blvd,Casa Grande,AZ,85222,(520) 836-0901,32.8796382,-111.729
Frys Food Stores,1950 W Ray Rd,Chandler,AZ,85224,(480) 814-7732,33.3218516,-111.8748774
Frys Food Stores,2075 N Alma School Rd,Chandler,AZ,85224,(480) 821-6800,33.3361486,-111.8589592
Frys Food Stores,981 W Elliot Rd,Chandler,AZ,85225,(480) 821-2296,33.3480209,-111.85795
Frys Food Stores,4949 W Ray Rd,Chandler,AZ,85226,(480) 940-7797,33.3199205,-111.9277041
Frys Food Stores,855 W Warner Rd,Gilbert,AZ,85233,(480) 813-7388,33.3340059,-111.8083736
Frys Food Stores,3751 E Baseline Rd,Gilbert,AZ,85234,(480) 892-2217,33.3786128,-111.751359
Frys Food Stores,20797 N John Wayne Pkwy,Maricopa,AZ,85239,(520) 568-6200,33.0676294,-112.0443152
Frys Food Stores,542 E Hunt Hwy,Queen Creek,AZ,85243,(480) 888-1781,33.2049067,-111.6515958
Frys Food Stores,985 E Riggs Rd,Chandler,AZ,85249,(480) 883-6500,33.2171524,-111.824781
Frys Food Stores,6080 E Thomas Rd,Scottsdale,AZ,85251,(480) 425-0528,33.4808251,-111.950523
Frys Food Stores,6321 E Greenway Rd,Scottsdale,AZ,85254,(480) 368-8930,33.6246404,-111.94461
Frys Food Stores,4842 E Bell Rd,Scottsdale,AZ,85254,(602) 867-0353,33.6380752,-111.9254997
Frys Food Stores,20427 N Hayden Rd,Scottsdale,AZ,85255,(480) 419-2240,33.6710344,-111.904473
Frys Food Stores,7770 E Mcdowell Rd,Scottsdale,AZ,85257,(480) 941-4088,33.467478,-111.9125387
Frys Food Stores,8900 E Via Linda,Scottsdale,AZ,85258,(480) 657-6400,33.5704748,-111.8891252
Frys Food Stores,10450 N 90th St,Scottsdale,AZ,85258,(480) 661-0238,33.5808344,-111.8896533
Frys Food Stores,14845 E Shea Blvd,Fountain Hills,AZ,85268,(480) 836-7311,33.5789366,-111.7603714
Frys Food Stores,5100 S Mcclintock Dr,Tempe,AZ,85282,(480) 752-9700,33.3795533,-111.9108674
Frys Food Stores,3255 S Rural Rd,Tempe,AZ,85282,(480) 829-7799,33.3935517,-111.924763
Frys Food Stores,3232 S Mill Ave,Tempe,AZ,85282,(480) 858-9096,33.3938604,-111.9413613
Frys Food Stores,1835 E Guadalupe Rd,Tempe,AZ,85283,(480) 838-0448,33.3623274,-111.9090802
Frys Food Stores,2700 W Baseline Rd,Tempe,AZ,85283,(602) 438-2807,33.3798735,-111.9779955
Frys Food Stores,9900 S Rural Rd,Tempe,AZ,85284,(480) 783-6233,33.321391,-111.9303338
Frys Food Stores,2010 S Alma School Rd,Chandler,AZ,85286,(480) 917-7596,33.2756105,-111.860831
Frys Food Stores,87 E Williams Field Rd,Gilbert,AZ,85295,(480) 726-3720,33.3049774,-111.787722
Frys Food Stores,3261 E Pecos Rd,Gilbert,AZ,85295,(480) 988-6300,33.2902495,-111.720047
Frys Food Stores,714 S Val Vista Dr,Gilbert,AZ,85296,(480) 654-6968,33.3373021,-111.7571716
Frys Food Stores,29455 N Cave Creek Rd,Cave Creek,AZ,85331,(480) 538-7130,33.7519329,-111.9910217
Frys Food Stores,4815 E Carefree Hwy,Cave Creek,AZ,85331,(480) 575-0693,33.797391,-111.977424
Frys Food Stores,4815 E Carefree Hwy Ste 100,Cave Creek,AZ,85331,(480) 575-0693,33.797391,-111.977424
Frys Food Stores,2180 N 144th Dr,Goodyear,AZ,85338,(623) 925-0267,33.4716051,-112.3708783
Frys Food Stores,9425 W Union Hills Dr,Somerton,AZ,85350,(623) 972-7902,32.597133,-114.713168
Frys Food Stores,7455 W Cactus Rd,Peoria,AZ,85381,(623) 486-0120,33.5943985,-112.2189256
Frys Food Stores,10675 W Indian School Rd,Avondale,AZ,85392,(623) 772-0501,33.4920472,-112.2884156
Frys Food Stores,4351 E Highway 90,Sierra Vista,AZ,85635,(520) 458-0989,31.554701,-110.252937
Frys Food Stores,555 E Grant Rd,Tucson,AZ,85705,(520) 622-1976,32.2516232,-110.9625421
Frys Food Stores,9401 E 22nd St,Tucson,AZ,85710,(520) 721-9250,32.2078367,-110.7918156
Frys Food Stores,7050 E 22nd St,Tucson,AZ,85710,(520) 790-5845,32.2044063,-110.8424479
Frys Food Stores,7850 E Speedway Blvd,Tucson,AZ,85710,(520) 885-9416,32.2354676,-110.825755
Frys Food Stores,4150 E 22nd St,Tucson,AZ,85711,(520) 745-1553,32.2052059,-110.9041683
Frys Food Stores,3920 E Grant Rd,Tucson,AZ,85712,(520) 323-6658,32.2505363,-110.9091682
Frys Food Stores,2480 N Swan Rd,Tucson,AZ,85712,(520) 325-4802,32.2525166,-110.891054
Frys Food Stores,3640 S 16th Ave,Tucson,AZ,85713,(520) 624-6934,32.1802591,-110.9827555
Frys Food Stores,2001 E Irvington Rd,Tucson,AZ,85714,(520) 294-7191,32.1649374,-110.9419828
Frys Food Stores,902 W Irvington Rd,Tucson,AZ,85714,(520) 889-0067,32.1632069,-110.9864681
Frys Food Stores,4036 N 1st Ave,Tucson,AZ,85719,(520) 293-8892,32.2805648,-110.9594914
Frys Food Stores,7050 E Golf Links Rd,Tucson,AZ,85730,(520) 745-5711,32.1903014,-110.8425935
Frys Food Stores,10661 N Oracle Rd,Tucson,AZ,85737,(520) 742-6663,32.2972708,-110.9782425
Frys Food Stores,10450 N La Canada Dr,Tucson,AZ,85737,(520) 877-9207,32.396139,-110.995672
Frys Food Stores,3770 W Ina Rd,Tucson,AZ,85741,(520) 744-2472,32.3390789,-111.045643
Frys Food Stores,7870 N Silverbell Rd,Tucson,AZ,85743,(520) 744-7832,32.2977459,-111.0460737
Frys Food Stores,8080 S Houghton Rd,Tucson,AZ,85747,(520) 663-1960,32.1053603,-110.7740078
Frys Food Stores,201 N Switzer Canyon Dr,Flagstaff,AZ,86001,(928) 774-2719,35.1951548,-111.6351726
Frys Food Stores,1100 S Highway 260,Cottonwood,AZ,86326,(928) 634-9338,34.72032,-112.002635
HEB,1902 S Thunderbird Dr,Apache Junction,AZ,85220,(480) 983-9286,33.397975,-111.557991
Horizon Foods,1215 S Park Ln,Tempe,AZ,85281,(480) 968-2722,33.4156132,-111.9745583
Jumbo Foods,4207 S 36th Pl,Phoenix,AZ,85040,(602) 437-3773,33.4089957,-112.0031549
Kens Foods,8655 E Via De Ventura,Scottsdale,AZ,85258,(480) 346-1350,33.5537759,-111.8956656
Market Basket,5242 S 12th Ave,Tucson,AZ,85706,(520) 294-1891,32.1569686,-110.9776146
Market Basket,2851 Airway Ave,Kingman,AZ,86409,(928) 757-3000,35.224936,-114.013015
Metal Supermarkets,943 W 23st,Phoenix,AZ,85001,(480) 377-0233,33.436771,-112.032444
Mission Foods,502 N 51st St Apt 122,Phoenix,AZ,85008,(602) 275-2004,33.4534207,-111.9714438
Mission Foods,3121 E Washington St,Phoenix,AZ,85034,(602) 273-7139,33.4476121,-112.014425
Mission Foods,3145 E Washington St,Phoenix,AZ,85034,(602) 275-2004,33.4483237,-112.0141309
Mission Foods,5860 S Ash Ave,Tempe,AZ,85283,(480) 491-2511,33.3694332,-111.9420831
Mission Foods,10199 W Van Buren St,Tolleson,AZ,85353,(623) 907-3528,33.449296,-112.2785533
Mission Foods,2949 E Elvira Rd Ste 181,Tucson,AZ,85706,(520) 903-9720,32.1269198,-110.9282724
Neighborhood Market,8921 W Thomas Rd,Phoenix,AZ,85037,(623) 936-0240,33.4784849,-112.2535558
Neighborhood Market,2435 E Baseline Rd,Phoenix,AZ,85042,(602) 232-2115,33.3759542,-112.0292624
Neighborhood Market,1916 S Lindsay Rd,Mesa,AZ,85204,(480) 892-6085,33.3803631,-111.7729374
Neighborhood Market,5122 E University Dr,Mesa,AZ,85205,(480) 832-9484,33.4228817,-111.7203625
Neighborhood Market,2725 E Mckellips Rd,Mesa,AZ,85213,(480) 733-1679,33.4493182,-111.7722814
Neighborhood Market,6645 W Peoria Ave,Glendale,AZ,85302,(623) 773-2947,33.5802358,-112.2018624
Neighborhood Market,7450 W Glendale Ave,Glendale,AZ,85303,(623) 915-2632,33.5385772,-112.2175633
Neighborhood Market,15431 W Greenway Rd,Surprise,AZ,85374,(623) 584-0189,33.6239741,-112.3926397
Neighborhood Market,14200 W Indian School Rd,Goodyear,AZ,85395,(623) 935-7007,33.4872076,-112.3643659
Neighborhood Market,7951 N Oracle Rd,Tucson,AZ,85704,(520) 469-9556,32.2988953,-110.9785085
Neighborhood Market,5500 E 22nd St,Tucson,AZ,85711,(520) 745-0267,32.2056549,-110.8739879
Pinnacle Foods,2005 E Technology Cir,Tempe,AZ,85284,(480) 491-2497,33.3435233,-111.9015807
Safeway,28455 N Vistancia Blvd,Phoenix,AZ,85001,(623) 271-7617,33.703967,-112.351835
Safeway,340 E Mcdowell Rd,Phoenix,AZ,85004,(602) 252-4538,33.4662143,-112.0674383
Safeway,520 W Osborn Rd,Phoenix,AZ,85013,(602) 285-0661,33.4885505,-112.0817935
Safeway,3132 E Camelback Rd,Phoenix,AZ,85016,(602) 957-4265,33.51122,-112.0147691
Safeway,4750 E Indian School Rd,Phoenix,AZ,85018,(602) 281-1882,33.4960222,-111.9792388
Safeway,9619 N 21st Dr,Phoenix,AZ,85021,(602) 331-0440,33.5735965,-112.1040442
Safeway,13440 N 7th St,Phoenix,AZ,85022,(602) 547-3883,33.608685,-112.065285
Safeway,550 E Bell Rd,Phoenix,AZ,85022,(602) 548-5597,33.6417238,-112.0671582
Safeway,29834 N Cave Creek Rd,Phoenix,AZ,85024,(480) 563-9335,33.755943,-111.99027
Safeway,18631 N 19th Ave,Phoenix,AZ,85027,(623) 492-0165,33.6550603,-112.09777
Safeway,20227 N 27th Ave,Phoenix,AZ,85027,(623) 869-6100,33.6707546,-112.116753
Safeway,10030 W Indian School Rd Apt 152,Phoenix,AZ,85037,(623) 773-1109,33.4941428,-112.2622094
Safeway,6202 S 16th St,Phoenix,AZ,85042,(602) 268-0634,33.3906289,-112.0474467
Safeway,4747 E Elliot Rd,Phoenix,AZ,85044,(480) 496-0076,33.3478451,-111.9818991
Safeway,1334 E Chandler Blvd,Phoenix,AZ,85048,(480) 283-0119,33.306801,-112.053882
Safeway,4005 E Chandler Blvd,Phoenix,AZ,85048,(480) 759-9611,33.3030879,-111.9963307
Safeway,8021 N 35th Ave,Phoenix,AZ,85051,(602) 242-9570,33.5539809,-112.1319017
Safeway,3655 W Anthem Way,Phoenix,AZ,85086,(623) 551-0300,33.8708297,-112.1470482
Safeway,1960 W Main St,Mesa,AZ,85201,(480) 644-8873,33.414847,-111.876296
Safeway,1225 W Guadalupe Rd,Mesa,AZ,85202,(480) 838-7720,33.3629832,-111.859545
Safeway,1800 E Covina St Apt 137,Mesa,AZ,85203,(480) 644-8873,33.424908,-111.7916085
Safeway,1855 N Power Rd,Mesa,AZ,85205,(480) 281-2990,33.4494451,-111.6820734
Safeway,4029 E Caballero St,Mesa,AZ,85205,(480) 325-5856,33.423245,-111.7439229
Safeway,9101 E Baseline Rd,Mesa,AZ,85209,(480) 281-0161,33.3772515,-111.6382496
Safeway,2740 E University Dr,Mesa,AZ,85213,(480) 833-9383,33.4240386,-111.7720952
Safeway,2736 N Salem,Mesa,AZ,85215,(480) 325-5807,33.4654368,-111.7029375
Safeway,3185 W Apache Trl,Apache Junction,AZ,85220,(480) 982-6120,33.4149723,-111.5803018
Safeway,1637 N Trekell Rd,Casa Grande,AZ,85222,(520) 421-4499,32.8955231,-111.7400624
Safeway,719 N Center Ave,Casa Grande,AZ,85222,(520) 421-7447,32.8798573,-111.7535874
Safeway,1159 W Chandler Blvd,Chandler,AZ,85224,(480) 726-7775,33.3039271,-111.863269
Safeway,1060 E Ray Rd,Chandler,AZ,85225,(480) 855-9922,33.3222865,-111.822506
Safeway,1050 N 9th St,Coolidge,AZ,85228,(520) 723-4885,32.9825803,-111.5326142
Safeway,404 W Bealey Ave,Coolidge,AZ,85228,(520) 723-4885,32.985016,-111.5220269
Safeway,1449 N Arizona Blvd,Coolidge,AZ,85228,(520) 723-5300,32.9920546,-111.5240915
Safeway,3325 N Hunt Hwy,Florence,AZ,85232,(520) 723-0179,33.0625701,-111.4838157
Safeway,4747 E Warnerelliot Loop,Gilbert,AZ,85233,(480) 496-0076,33.353505,-111.811432
Safeway,5137 E Baseline Rd,Gilbert,AZ,85234,(480) 325-5856,33.3775941,-111.7232855
Safeway,18495 E Queen Creek Rd,Queen Creek,AZ,85242,(480) 279-0521,33.2662877,-111.6843307
Safeway,4970 S Alma School Rd,Chandler,AZ,85248,(480) 883-0260,33.2337396,-111.860471
Safeway,7920 E Chaparral Rd,Scottsdale,AZ,85250,(480) 994-5653,33.5105667,-111.91037
Safeway,10773 N Scottsdale Rd,Scottsdale,AZ,85254,(480) 948-6446,33.5842918,-111.9244042
Safeway,4857 E Greenway Rd,Scottsdale,AZ,85254,(602) 996-5635,33.6255225,-111.9757357
Safeway,20901 N Pima Rd,Scottsdale,AZ,85255,(480) 585-3026,33.6758226,-111.8881743
Safeway,23637 N Pinnacle Ct,Scottsdale,AZ,85255,(480) 585-3026,33.7015123,-111.8595634
Safeway,23565 N Scottsdale Rd,Scottsdale,AZ,85255,(480) 585-9366,33.7000577,-111.9229361
Safeway,8390 E Via De Ventura,Scottsdale,AZ,85258,(480) 991-3317,33.5544617,-111.8977978
Safeway,11275 E Via Linda,Scottsdale,AZ,85259,(480) 451-1177,33.5879975,-111.838117
Safeway,14696 N Frank Lloyd Wright Blvd,Scottsdale,AZ,85260,(480) 391-1186,33.619405,-111.8751817
Safeway,32551 N Scottsdale Rd,Scottsdale,AZ,85262,(480) 595-9844,33.7796165,-111.9257285
Safeway,13733 N Fountain Hills Blvd,Fountain Hills,AZ,85268,(480) 837-1690,33.609568,-111.7279117
Safeway,1005 W 17th St,Tempe,AZ,85281,(480) 894-4390,33.4105874,-111.9541747
Safeway,926 E Broadway Rd,Tempe,AZ,85282,(480) 829-6824,33.4089064,-111.9251651
Safeway,2750 S Priest Dr,Tempe,AZ,85282,(480) 894-4138,33.3991494,-111.9614856
Safeway,1115 W Alameda Dr,Tempe,AZ,85282,(480) 894-4377,33.3986151,-111.9592427
Safeway,1515 E Elliot Rd,Tempe,AZ,85284,(480) 755-1944,33.3484131,-111.9136709
Safeway,90 S Val Vista Dr,Gilbert,AZ,85296,(480) 892-2090,33.3486429,-111.7572774
Safeway,5080 W Olive Ave,Glendale,AZ,85302,(623) 930-0735,33.56874,-112.1681
Safeway,16630 N 43rd Ave Apt 178,Glendale,AZ,85306,(602) 547-3883,33.636554,-112.151574
Safeway,5615 W Acoma Dr Apt 71,Glendale,AZ,85306,(602) 548-2615,33.6174623,-112.1806046
Safeway,5860 W Thunderbird Rd,Glendale,AZ,85306,(602) 863-9700,33.6126177,-112.1842749
Safeway,20205 N 67th Ave,Glendale,AZ,85308,(623) 572-8814,33.6693291,-112.2002195
Safeway,20227 N 67th Ave,Glendale,AZ,85308,(623) 572-8844,33.6702045,-112.2024495
Safeway,6508 W Bell Rd,Glendale,AZ,85308,(623) 979-1282,33.6390832,-112.1999778
Safeway,23425 N 39th Dr,Glendale,AZ,85310,(623) 869-6372,33.6992897,-112.1418272
Safeway,29834 N Cave Creek Rd,Cave Creek,AZ,85331,(480) 563-9335,33.7919429,-111.9681602
Safeway,440 N Estrella Pkwy,Goodyear,AZ,85338,(623) 476-1720,33.45149,-112.3945392
Safeway,121 W Riverside Dr,Parker,AZ,85344,(928) 669-2243,34.189506,-114.224767
Safeway,6817 W Peoria Ave,Peoria,AZ,85345,(623) 878-5028,33.5802723,-112.2053221
Safeway,10926 W Bell Rd,Sun City,AZ,85351,(623) 977-0160,33.5802723,-112.2053221
Safeway,17049 W Bell Rd,Surprise,AZ,85374,(623) 584-9370,33.6375274,-112.4251141
Safeway,14505 W Grand Ave,Surprise,AZ,85374,(623) 975-4030,33.6278641,-112.3368331
Safeway,13503 W Camino Del Sol,Sun City West,AZ,85375,(623) 584-0501,33.6550151,-112.34994
Safeway,13828 W Waddell Rd,Surprise,AZ,85379,(623) 476-1810,33.6107007,-112.3575217
Safeway,12320 N 83rd Ave,Peoria,AZ,85381,(623) 979-1282,33.5968073,-112.239568
Safeway,20713 N 83rd Ave,Peoria,AZ,85382,(623) 476-1640,33.6719723,-112.2400249
Safeway,28455 N Vistancia Blvd,Peoria,AZ,85383,(623) 271-7617,33.7407892,-112.3205674
Safeway,1999 W Wickenburg Way,Wickenburg,AZ,85390,(928) 684-2999,33.9610924,-112.7708847
Safeway,56641 Cope Rd,Wickenburg,AZ,85390,(928) 684-4903,33.99901,-112.758883
Safeway,14175 W Indian School Rd,Goodyear,AZ,85395,(623) 935-3531,33.4841642,-112.365334
Safeway,240 S Hill St,Globe,AZ,85501,(928) 425-5390,33.394745,-110.7856753
Safeway,4567 E Us Highway 60,Miami,AZ,85539,(928) 425-7667,33.341619,-111.012308
Safeway,401 E State Highway 260,Payson,AZ,85541,(928) 472-8242,34.253394,-111.26487
Safeway,1208 S 9th Ave,Safford,AZ,85546,(928) 428-7244,32.8262564,-109.717962
Safeway,2125 W Us Highway 70,Thatcher,AZ,85552,(928) 428-2771,32.837463,-109.734959
Safeway,599 W 4th St,Benson,AZ,85602,(520) 586-9094,31.969093,-110.3065597
Safeway,101 S Naco Hwy,Bisbee,AZ,85603,(520) 432-3038,31.3909585,-109.9192583
Safeway,1101 S Naco Hwy,Bisbee,AZ,85603,(520) 432-3038,31.3909585,-109.9192583
Safeway,90 E 5th St,Douglas,AZ,85607,(520) 364-7566,31.339344,-109.562089
Safeway,Fort,Huachuca,AZ,85613,(520) 459-4204,31.5272545,-110.3606475
Safeway,1301 W Duval Mine Rd,Green Valley,AZ,85614,(520) 393-0084,31.897397,-111.00087
Safeway,1602 S San Carla,Green Valley,AZ,85614,(520) 625-1941,31.847223,-110.991619
Safeway,260 W Continental Rd,Green Valley,AZ,85614,(520) 625-7283,31.8527781,-110.9966394
Safeway,419 W Mariposa Rd,Nogales,AZ,85621,(520) 281-4929,31.3660122,-110.940186
Safeway,465 W Mariposa Rd,Nogales,AZ,85621,(520) 281-4929,31.3644261,-110.940515
Safeway,1301 W Duval Mine Rd,Sahuarita,AZ,85629,(520) 393-0084,31.8965195,-111.0021175
Safeway,2190 E Fry Blvd,Sierra Vista,AZ,85635,(520) 459-4204,31.5530091,-110.2758681
Safeway,650 N Bisbee Ave,Willcox,AZ,85643,(520) 384-3952,32.2631791,-109.8423586
Safeway,7110 N Oracle Rd,Tucson,AZ,85704,(520) 575-1052,32.3358889,-110.9747238
Safeway,1240 N 7th Ave Apt 221,Tucson,AZ,85705,(520) 206-9047,32.2377594,-110.9701783
Safeway,902 W Miracle Mile,Tucson,AZ,85705,(520) 575-0949,32.261468,-110.9868067
Safeway,101 N Jessica Ave Apt 210,Tucson,AZ,85710,(520) 296-4532,32.2231084,-110.8486757
Safeway,8225 E Speedway Blvd,Tucson,AZ,85710,(520) 514-9567,32.2356259,-110.8162845
Safeway,8740 E Broadway Blvd,Tucson,AZ,85710,(520) 885-1617,32.2208259,-110.8058059
Safeway,5548 E Grant Rd,Tucson,AZ,85712,(520) 298-1962,32.2505985,-110.8740757
Safeway,3911 E Pima St,Tucson,AZ,85712,(520) 323-1841,32.2435338,-110.9093378
Safeway,1702 W 36th St Apt 2150,Tucson,AZ,85713,(520) 792-0083,32.1923634,-111.0010303
Safeway,200 W Irvington Rd,Tucson,AZ,85714,(520) 578-0144,32.163327,-110.971721
Safeway,7177 E Tanque Verde Rd,Tucson,AZ,85715,(520) 731-0147,32.2508523,-110.8388765
Safeway,4752 E Sunrise Dr,Tucson,AZ,85718,(520) 299-3534,32.3072811,-110.891277
Safeway,1940 E Broadway Blvd,Tucson,AZ,85719,(520) 206-9047,32.2199926,-110.94298
Safeway,1767 E Prince Rd,Tucson,AZ,85719,(520) 327-2287,32.2737288,-110.945237
Safeway,9460 E Golf Links Rd,Tucson,AZ,85730,(520) 296-0042,32.190357,-110.7910475
Safeway,3245 S Wilmot Rd,Tucson,AZ,85730,(520) 514-2008,32.1840724,-110.8577815
Safeway,6360 E Golf Links Rd,Tucson,AZ,85730,(520) 514-9567,32.1902283,-110.8560379
Safeway,9705 N Thornydale Rd,Tucson,AZ,85742,(520) 579-1083,32.382724,-111.047001
Safeway,9100 N Silverbell Rd,Tucson,AZ,85743,(520) 579-8826,32.3724178,-111.136735
Safeway,1001 W Saint Marys Rd Apt 913,Tucson,AZ,85745,(520) 624-8230,32.229625,-110.985641
Safeway,1615 W Niagara St,Tucson,AZ,85745,(520) 792-0334,32.2315206,-110.9997777
Safeway,2140 W Grant Rd,Tucson,AZ,85745,(520) 792-0334,32.2522791,-111.0127428
Safeway,2940 W Valencia Rd,Tucson,AZ,85746,(520) 578-7246,32.1351633,-111.029874
Safeway,9050 E Valencia Rd,Tucson,AZ,85747,(520) 663-0700,32.1179091,-110.7989225
Safeway,10380 E Broadway Blvd,Tucson,AZ,85748,(520) 546-3936,32.2194117,-110.7713421
Safeway,9125 E Tanque Verde Rd,Tucson,AZ,85749,(520) 760-6087,32.2577288,-110.7974213
Safeway,12122 N Rancho Vistoso Blvd,Tucson,AZ,85755,(520) 297-0260,32.429633,-110.965609
Safeway,7643 S Kau Bo Oh,Tucson,AZ,85757,(520) 578-7246,32.112612,-111.075492
Safeway,900 W Deuce Of Clubs,Show Low,AZ,85901,(928) 532-5660,34.2468339,-110.0522845
Safeway,2621 W Young,Show Low,AZ,85901,(928) 532-8650,34.2406015,-110.070655
Safeway,20 E White Mountain Blvd,Lakeside,AZ,85929,(928) 367-6677,34.1415701,-109.954497
Safeway,203 S Mountain Ave,Springerville,AZ,85938,(928) 333-4165,34.1321454,-109.286498
Safeway,1201 S Plaza Way,Flagstaff,AZ,86001,(928) 556-9170,35.1894734,-111.6637192
Safeway,1490 E Cedar Avenue Fast Shop Fuel Sta,Flagstaff,AZ,86001,(928) 774-8640,35.213267,-111.639995
Safeway,4910 N 89 Highway,Flagstaff,AZ,86004,(928) 526-5686,35.22808,-111.57995
Safeway,4910 N Us Highway 89,Flagstaff,AZ,86004,(928) 526-6116,35.22808,-111.57995
Safeway,1500 E Cedar Ave,Flagstaff,AZ,86004,(928) 774-3774,35.2183455,-111.6200393
Safeway,702 W Hopi Dr,Holbrook,AZ,86025,(928) 524-2661,34.9033046,-110.1673152
Safeway,650 Elm St Marble,Canyon,AZ,86036,(928) 645-5714,36.916447,-111.459062
Safeway,637 W Route 66,Williams,AZ,86046,(928) 635-5977,35.2480439,-112.1941495
Safeway,1044 Willow Creek Rd,Prescott,AZ,86301,(928) 445-4550,34.5615068,-112.4844601
Safeway,450 White Spar Rd,Prescott,AZ,86303,(928) 778-3098,34.5304644,-112.4740219
Safeway,7720 E Hwy 69,Prescott Valley,AZ,86312,(928) 772-6125,34.430731,-112.257162
Safeway,1031 N Us Highway 89,Chino Valley,AZ,86323,(928) 636-8358,34.760613,-112.453589
Safeway,1635 E Cottonwood St,Cottonwood,AZ,86326,(928) 634-3711,34.7285395,-112.0088631
Safeway,650 E Elm St,Cottonwood,AZ,86326,(928) 645-8155,34.7214029,-112.0218041
Safeway,2300 W Highway 89a,Sedona,AZ,86336,(928) 282-0118,34.86338,-111.799883
Safeway,3125 N Stockton Hill Rd,Kingman,AZ,86401,(928) 753-2943,35.213333,-114.035163
Safeway,1650 Mcculloch Blvd N,Lake Havasu City,AZ,86403,(928) 855-7760,34.4741577,-114.3419914
Safeway,3970 Stockton Hill Rd,Kingman,AZ,86409,(928) 681-4900,35.2361071,-114.0373102
Safeway,4823 S Highway 95,Fort Mohave,AZ,86426,(928) 704-4433,35.015255,-114.598153
Safeway,1751 Highway 95,Bullhead City,AZ,86442,(928) 763-3555,35.1219421,-114.5864012
Save A Lot,7145 E 22nd St,Tucson,AZ,85710,(520) 886-1501,32.2078054,-110.8393318
Schreiber Food Inc.,2122 S Hardy Dr,Tempe,AZ,85282,(480) 967-2195,33.4057208,-111.9522505
Schwan's Fine Food,Window,Rock,AZ,86515,(888) 724-9267,36.4966675,-109.5581631
Shamrock Foods,2150 N 28th Pl,Phoenix,AZ,85008,(602) 278-0228,33.4707472,-112.0205856
Shamrock Foods,3444 W Mandalay Ln,Phoenix,AZ,85053,(602) 278-0228,33.61865,-112.1332591
Shamrock Foods,1922 E 18th St,Tucson,AZ,85719,(520) 624-8667,32.2121212,-110.9432641
Shop N Save,4702 S 35th Ave,Phoenix,AZ,85041,(602) 276-2712,33.403841,-112.1337638
Sigma Foods,3320 E Van Buren St,Phoenix,AZ,85008,(602) 258-2265,33.4513807,-112.0097744
Smart & Final,1450 N 43rd Ave,Phoenix,AZ,85009,(602) 353-0591,33.4641407,-112.1527386
Smart & Final,2742 E Indian School Rd,Phoenix,AZ,85016,(602) 224-6118,33.4956552,-112.0222829
Smart & Final,7750 N 35th Ave,Phoenix,AZ,85051,(602) 841-2355,33.5513618,-112.1348406
Smart & Final,60 S Stapley Dr,Mesa,AZ,85204,(480) 649-7025,33.413576,-111.8058287
Smart & Final,13802 N Scottsdale Rd,Scottsdale,AZ,85254,(480) 948-4807,33.614506,-111.9261378
Smart & Final,2441 N Scottsdale Rd,Scottsdale,AZ,85257,(480) 945-6644,33.4749768,-111.9260785
Smart & Final,1737 E Broadway Rd Ste 104,Tempe,AZ,85282,(480) 968-8404,33.407429,-111.9103604
Smart & Final,7720 W Bell Rd Ste B,Glendale,AZ,85308,(623) 487-4862,33.6391331,-112.2262487
Smart & Final,276 E 16th St,Yuma,AZ,85364,(928) 329-9985,32.6993445,-114.6184497
Smart & Final,2561 Highway 95,Bullhead City,AZ,86442,(928) 758-2253,35.0923935,-114.598223
Smiths Food & Drug Centers,80 Acoma Blvd N,Lake Havasu City,AZ,86403,(928) 680-4449,34.4775971,-114.3248299
Smiths Food & Drug Centers,3490 Stockton Hill Rd,Kingman,AZ,86409,(928) 757-3338,35.2246535,-114.0360593
Smiths Food & Drug Centers,4747 S Highway 95,Fort Mohave,AZ,86426,(928) 330-3704,35.017951,-114.598005
Smiths Food & Drug Centers,1775 E Lakeside Dr,Bullhead City,AZ,86442,(928) 763-8686,35.108456,-114.613025
Stop & Shop,777 S Gilbert Rd,Gilbert,AZ,85296,(480) 892-1130,33.3360332,-111.7893164
Sunflower Farmers Market,4402 N Miller Rd,Scottsdale,AZ,85251,(480) 941-6001,33.500948,-111.9191247
Sunflower Farmers Market,4625 E Speedway Blvd,Tucson,AZ,85712,(520) 325-1320,32.2362896,-110.8941518
Wal-Mart Supercenter,1607 W Bethany Home Rd,Phoenix,AZ,85015,(602) 246-0700,33.5220762,-112.0927931
Wal-Mart Supercenter,6145 N 35th Ave,Phoenix,AZ,85017,(602) 973-6565,33.5267686,-112.1325113
Wal-Mart Supercenter,1825 W Bell Rd,Phoenix,AZ,85023,(602) 564-9603,33.637084,-112.0980494
Wal-Mart Supercenter,5250 W Indian School Rd,Phoenix,AZ,85031,(623) 845-8713,33.496425,-112.1736728
Wal-Mart Supercenter,4617 E Bell Rd,Phoenix,AZ,85032,(602) 482-9520,33.6383673,-111.9818258
Wal-Mart Supercenter,2020 N 75th Ave,Phoenix,AZ,85035,(623) 849-1030,33.4690568,-112.2230061
Wal-Mart Supercenter,6150 S 35th Ave,Phoenix,AZ,85041,(602) 243-8506,33.3906057,-112.1368477
Wal-Mart Supercenter,7575 W Lower Buckeye Rd,Phoenix,AZ,85043,(623) 907-0007,33.4209046,-112.2224126
Wal-Mart Supercenter,4435 W Anthem Way,Phoenix,AZ,85086,(623) 551-6314,33.8697042,-112.1549311
Wal-Mart Supercenter,857 N Dobson Rd,Mesa,AZ,85201,(480) 962-0038,33.4320133,-111.8653244
Wal-Mart Supercenter,1955 S Stapley Dr,Mesa,AZ,85204,(480) 497-4383,33.3807578,-111.8025064
Wal-Mart Supercenter,6131 E Southern Ave,Mesa,AZ,85206,(480) 830-3919,33.3914223,-111.6991759
Wal-Mart Supercenter,1710 S Greenfield Rd,Mesa,AZ,85206,(480) 892-6936,33.3837117,-111.7390186
Wal-Mart Supercenter,1606 S Signal Butte Rd,Mesa,AZ,85209,(480) 358-9740,33.3852546,-111.6000385
Wal-Mart Supercenter,240 W Baseline Rd,Mesa,AZ,85210,(480) 668-9501,33.3804171,-111.8375804
Wal-Mart Supercenter,2555 W Apache Trl,Apache Junction,AZ,85220,(480) 380-3800,33.4137766,-111.574771
Wal-Mart Supercenter,1741 E Florence Blvd,Casa Grande,AZ,85222,(520) 836-3357,32.8796686,-111.7082373
Wal-Mart Supercenter,1695 N Arizona Blvd,Coolidge,AZ,85228,(520) 723-0945,32.9937881,-111.5241362
Wal-Mart Supercenter,21055 S Rittenhouse Rd,Queen Creek,AZ,85242,(480) 457-1158,33.2544959,-111.632399
Wal-Mart Supercenter,1725 W Hunt Hwy,Queen Creek,AZ,85243,(480) 677-2149,33.150314,-111.56967
Wal-Mart Supercenter,15355 N Northsight Blvd,Scottsdale,AZ,85260,(480) 348-0445,33.6244642,-111.8927448
Wal-Mart Supercenter,1380 W Elliot Rd,Tempe,AZ,85284,(480) 345-8686,33.3510285,-111.9611589
Wal-Mart Supercenter,1175 S Arizona Ave,Chandler,AZ,85286,(480) 726-0841,33.2892516,-111.8380012
Wal-Mart Supercenter,2750 E Germann Rd,Chandler,AZ,85286,(480) 812-2930,33.2814774,-111.7934516
Wal-Mart Supercenter,2501 S Market St,Gilbert,AZ,85295,(480) 224-6900,33.3048528,-111.7410623
Wal-Mart Supercenter,5290 S Power Rd,Gilbert,AZ,85295,(480) 988-0012,33.3203324,-111.6896858
Wal-Mart Supercenter,5605 W Northern Ave,Glendale,AZ,85301,(623) 934-6920,33.5514082,-112.1797181
Wal-Mart Supercenter,18551 N 83rd Ave,Glendale,AZ,85308,(623) 825-1129,33.6506288,-112.2341455
Wal-Mart Supercenter,1060 S Watson Rd,Buckeye,AZ,85326,(623) 474-6728,33.436157,-112.559931
Wal-Mart Supercenter,12900 W Thunderbird Rd,El Mirage,AZ,85335,(623) 583-8552,33.6104083,-112.3363485
Wal-Mart Supercenter,1100 N Estrella Pkwy,Goodyear,AZ,85338,(623) 925-9983,33.4592354,-112.395022
Wal-Mart Supercenter,Litchfield Park,Litchfield Park,AZ,85340,(623) 935-4181,33.4968806,-112.3625827
Wal-Mart Supercenter,7975 W Peoria Ave,Peoria,AZ,85345,(623) 878-9907,33.5788136,-112.230322
Wal-Mart Supercenter,1613 North Main Street,San Luis,AZ,85349,(928) 722-7278,32.505004,-114.786711
Wal-Mart Supercenter,13770 W Bell Rd,Surprise,AZ,85374,(623) 544-2200,33.6426359,-112.357986
Wal-Mart Supercenter,21655 N Lake Pleasant Pkwy,Peoria,AZ,85383,(623) 537-0809,33.6812046,-112.2797054
Wal-Mart Supercenter,13055 W Rancho Santa Fe Blvd,Avondale,AZ,85392,(623) 935-4010,33.4591309,-112.3380283
Wal-Mart Supercenter,300 N Beeline Hwy,Payson,AZ,85541,(928) 472-2820,34.2444793,-111.3250819
Wal-Mart Supercenter,755 So 20th Ave,Safford,AZ,85546,(928) 428-7990,32.831361,-109.733026
Wal-Mart Supercenter,615 E Us Highway 70,Thatcher,AZ,85552,(928) 428-5803,32.836126,-109.732941
Wal-Mart Supercenter,201 S Prickly Pear Ave,Benson,AZ,85602,(520) 586-0747,31.9687586,-110.3142357
Wal-Mart Supercenter,199 W 5th St,Douglas,AZ,85607,(520) 364-1281,31.339254,-109.558884
Wal-Mart Supercenter,18680 S Nogales Hwy,Green Valley,AZ,85614,(520) 625-7947,31.9121556,-110.982658
Wal-Mart Supercenter,251 E Los Rincones,Green Valley,AZ,85614,(520) 625-7947,31.8750954,-110.9836539
Wal-Mart Supercenter,100 W White Park Dr,Nogales,AZ,85621,(520) 281-4974,31.3603125,-110.9325567
Wal-Mart Supercenter,18680 So Nogales Hwy,Sahuarita,AZ,85629,(520) 625-3808,32.001317,-110.951493
Wal-Mart Supercenter,7635 N La Cholla Blvd,Tucson,AZ,85741,(520) 297-0840,32.3442293,-111.0162592
Wal-Mart Supercenter,8280 N Cortaro Rd,Tucson,AZ,85743,(520) 744-3652,32.3565599,-111.0900662
Wal-Mart Supercenter,1650 W Valencia Rd,Tucson,AZ,85746,(520) 573-3777,32.1366481,-111.0002361
Wal-Mart Supercenter,5401 S White Mountain Rd,Show Low,AZ,85901,(928) 537-3141,34.2005014,-110.0184284
Wal-Mart Supercenter,PO Box 3478,Page,AZ,86040,(812) 384-8300,36.9148305,-111.457294
Wal-Mart Supercenter,1017 West Haul Road,Page,AZ,86040,(928) 645-2622,36.904547,-111.482966
Wal-Mart Supercenter,1601 N Park Dr,Winslow,AZ,86047,(928) 289-3126,35.037503,-110.697996
Wal-Mart Supercenter,700 Mikes Pike St,Winslow,AZ,86047,(928) 289-4641,35.040877,-110.701369
Wal-Mart Supercenter,3050 E State Route 69,Prescott,AZ,86301,(928) 445-1113,34.551412,-112.408894
Wal-Mart Supercenter,1624 W Grant St,Prescott,AZ,86303,(928) 541-0376,34.473321,-112.493689
Wal-Mart Supercenter,2003 E Rodeo Dr,Cottonwood,AZ,86326,(928) 634-0444,34.70239,-111.972623
Wal-Mart Supercenter,5695 N State Route 95,Lake Havasu City,AZ,86404,(928) 764-3700,34.577175,-114.369911
Wal-Mart Supercenter,3396 Stockton Hill Rd,Kingman,AZ,86409,(928) 692-8511,35.2225585,-114.0327686
Wal-Mart Supercenter,PO Box 8051,Hualapai,AZ,86412,(979) 779-1912,35.3157932,-113.9164613
Wal-Mart Supercenter,2840 Highway 95,Bullhead City,AZ,86442,(928) 758-7222,35.0827468,-114.5970491
